canonical_drug,cpic_genes,include_in_primary_panel,analysis_group,expected_partd_presence,site_of_care_note,matching_scope,notes
abacavir,HLA-B,true,primary,low_to_moderate,Specialty outpatient,Single-ingredient abacavir sulfate only,ART combinations retained for sensitivity analysis
allopurinol,HLA-B,true,primary,high,Outpatient,Exact generic allopurinol,Clean exact CMS generic match
amitriptyline,CYP2D6;CYP2C19,true,primary,high,Outpatient,Amitriptyline HCl only,Exclude fixed combinations from primary
azathioprine,TPMT;NUDT15,true,primary,moderate,Outpatient and specialty,Exact generic azathioprine,Clean exact CMS generic match
carbamazepine,HLA-B,true,primary,moderate,Outpatient,Exact generic carbamazepine,Include formulations sharing this generic identity
citalopram,CYP2C19,true,primary,high,Outpatient,Citalopram hydrobromide only,Do not map escitalopram to citalopram
clopidogrel,CYP2C19,true,primary,high,Outpatient,Clopidogrel bisulfate only,Clean same-moiety salt form
escitalopram,CYP2C19,true,primary,high,Outpatient,Escitalopram oxalate only,Clean same-moiety salt form
mercaptopurine,TPMT;NUDT15,true,primary,low_to_moderate,Specialty outpatient,Exact generic mercaptopurine,Clean exact CMS generic match
nortriptyline,CYP2D6,true,primary,moderate,Outpatient,Nortriptyline HCl only,Clean same-moiety salt form
sertraline,CYP2C19;CYP2B6,true,primary,high,Outpatient,Sertraline HCl only,Clean same-moiety salt form
simvastatin,SLCO1B1,true,primary,high,Outpatient,Exact generic simvastatin,Clean exact CMS generic match
tramadol,CYP2D6,true,primary,high,Outpatient,Tramadol HCl only,Exclude acetaminophen and celecoxib combinations from primary
warfarin,CYP2C9;VKORC1;CYP4F2,true,primary,high,Outpatient,Warfarin sodium only,Clean same-moiety salt form
codeine,CYP2D6,false,sensitivity_combination,moderate,Outpatient,Single and combination products,Do not mix combinations into primary denominator without separate analysis
fluorouracil,DPYD,false,sensitivity_route_ambiguous,route_ambiguous,Topical versus systemic oncology,All observed CMS forms,Topical brands observed; Part D claims do not represent systemic oncology exposure
irinotecan,UGT1A1,false,sensitivity_medical_benefit,near_zero,Infused oncology,All observed CMS forms,Part D visibility not a reliable measure of oncology exposure