state_code,state,primary_cpic_published_claims,all_published_claims,primary_cpic_claim_share_percent,visible_primary_cpic_drugs
38,North Dakota,334427,4385655,7.625,14
46,South Dakota,368449,4942941,7.454,14
19,Iowa,1380255,18695755,7.383,14
27,Minnesota,1971499,27288846,7.225,14
56,Wyoming,148773,2146135,6.932,13
20,Kansas,1137697,16439030,6.921,14
55,Wisconsin,2166787,31663333,6.843,14
31,Nebraska,738518,10931359,6.756,14
50,Vermont,209078,3097999,6.749,14
30,Montana,350918,5272755,6.655,14
5,Arkansas,1342128,20475351,6.555,14
33,New Hampshire,456183,7013852,6.504,13
23,Maine,517137,8013577,6.453,13
42,Pennsylvania,5256503,83472217,6.297,14
29,Missouri,2500342,39815761,6.28,14
17,Illinois,3743897,59956435,6.244,14
54,West Virginia,805276,12945546,6.22,14
25,Massachusetts,2360707,38255709,6.171,14
66,Guam,6423,104475,6.148,12
39,Ohio,4371207,71224108,6.137,14
18,Indiana,2449326,39985300,6.126,14
16,Idaho,510715,8372069,6.1,13
8,Colorado,1241421,20366195,6.095,14
49,Utah,624200,10386918,6.009,14
72,Puerto Rico,1856118,30935418,6.0,14
44,Rhode Island,382484,6539551,5.849,14
21,Kentucky,1941442,33237110,5.841,14
26,Michigan,3370990,57860267,5.826,14
51,Virginia,2163886,37455495,5.777,14
13,Georgia,3121467,54041094,5.776,14
40,Oklahoma,1200073,20895171,5.743,14
48,Texas,6575863,114714271,5.732,14
37,North Carolina,3448889,60454797,5.705,14
47,Tennessee,2530876,44370238,5.704,14
35,New Mexico,467941,8269598,5.659,14
9C,Armed Forces Pacific,2083,36859,5.651,9
28,Mississippi,1073876,19038930,5.64,14
4,Arizona,1715904,30434215,5.638,14
9,Connecticut,1122504,19983336,5.617,14
41,Oregon,1083811,19312503,5.612,14
22,Louisiana,1692880,30171414,5.611,14
45,South Carolina,1695249,30266011,5.601,14
69,Northern Mariana Islands,862,15397,5.598,10
1,Alabama,1806396,32469635,5.563,14
24,Maryland,1317798,23694917,5.562,14
10,Delaware,289712,5224158,5.546,14
12,Florida,7216672,130346773,5.537,14
53,Washington,1654560,29983584,5.518,14
9B,Armed Forces Europe,2136,39419,5.419,11
34,New Jersey,2260801,42023654,5.38,14
2,Alaska,100231,1925359,5.206,14
9D,Unknown,2275,44463,5.117,11
15,Hawaii,233638,4609230,5.069,14
36,New York,5608018,110762208,5.063,14
32,Nevada,588122,11803131,4.983,14
6,California,7278359,151980622,4.789,14
11,District of Columbia,109673,2496852,4.392,14
9E,Foreign Country,2421,55613,4.353,11
78,Virgin Islands,8499,199289,4.265,12
9A,Armed Forces Central/South America,15,3536,0.424,1
NULL,NULL,0,13,0.0,0
