canonical_drug,national_published_claims,sum_state_published_claims,national_minus_state_gap,national_minus_state_gap_percent
abacavir,16321,16288,33,0.20219349304576925
mercaptopurine,43063,43042,21,0.048765761790864545
azathioprine,397439,397287,152,0.038244862733652206
carbamazepine,1339342,1339134,208,0.015530013991945299
nortriptyline,1279578,1279514,64,0.005001648981148472
simvastatin,15050571,15050459,112,0.000744157813015865
warfarin,5033343,5033316,27,0.0005364228108436083
citalopram,6743311,6743275,36,0.0005338623711704829
clopidogrel,13590392,13590341,51,0.0003752651137656662
tramadol,13158823,13158783,40,0.00030397855492090745
amitriptyline,3703146,3703141,5,0.00013502033136149642
escitalopram,12700559,12700551,8,6.298935346074138e-05
allopurinol,9707579,9707573,6,6.180737751400221e-05
sertraline,16155695,16155686,9,5.570790981136992e-05
