canonical_drug,cpic_genes,published_claims,published_30day_fills,published_drug_cost,share_of_primary_panel_claims_percent
sertraline,CYP2C19;CYP2B6,16155695,30182820.900000002,161622457.49,16.33
simvastatin,SLCO1B1,15050571,38525023.9,127962121.24999999,15.22
clopidogrel,CYP2C19,13590392,30303555.7,159987671.35000002,13.74
tramadol,CYP2D6,13158823,13361502.4,103303315.43,13.3
escitalopram,CYP2C19,12700559,24671085.8,158531487.3,12.84
allopurinol,HLA-B,9707579,23166811.7,96234597.27,9.81
citalopram,CYP2C19,6743311,13939891.700000001,51138239.23,6.82
warfarin,CYP2C9;VKORC1;CYP4F2,5033343,10284010.1,46877283.79,5.09
amitriptyline,CYP2D6;CYP2C19,3703146,7009698.9,54698687.54,3.74
carbamazepine,HLA-B,1339342,2097041.6999999997,128031893.10999998,1.35
nortriptyline,CYP2D6,1279578,2410252.9,20974170.78,1.29
azathioprine,TPMT;NUDT15,397439,819123.3999999999,20229131.79,0.4
mercaptopurine,TPMT;NUDT15,43063,91430.1,4669799.27,0.04
abacavir,HLA-B,16321,21369.3,3066688.7,0.02
